Dataset,Observaciones,Accuracy,AUC,Coef_age,Coef_sysBP,Coef_BMI,Coef_glucose,Coef_male
Eliminación,3656,0.8523245214220602,0.7465198634988087,0.5075472726937555,0.4015165035947429,0.03663256183935942,0.1410345960150913,0.5882508906839562
Imputación simple,4238,0.85062893081761,0.6998660244805447,0.5377588522971776,0.4065728700691986,-0.0037740962450982184,0.15301882205053416,0.5920079226988679
Imputación regresión,4238,0.85062893081761,0.6995346871743651,0.5367805311854005,0.40625296064999555,-0.004107083133301138,0.1590745916195773,0.5919089527938765
