,media_real,media_sintetica,std_real,std_sintetica,dif_media_abs
sysBP,132.45491374803973,133.14273505085,22.086416566835837,22.045913196459587,0.6878213028102778
BMI,25.80944589649765,25.94199981272009,4.067003259143334,4.101408377595102,0.13255391622244161
glucose,81.91531625718767,82.86048678127639,23.756876197390202,22.754699069952757,0.9451705240887236
age,49.628593831677996,49.50446560090471,8.575954099398164,8.571755909923708,0.12412823077328738
totChol,237.04704652378464,237.8821017555764,44.76230186662523,45.23885446765428,0.8350552317917561
