Métrica,Valor
Accuracy,0.8523245214220602
Precision,0.6470588235294118
Recall,0.0658682634730539
F1-score,0.11956521739130435
