Variable,VIF
const,1.8142795606051212
age,1.1580845739740826
sysBP,1.291680001117371
BMI,1.1365234914064486
glucose,1.0243707176024106
male,1.0087662798047692
