Estrategia,Variable,Coeficiente,Odds Ratio,p-valor
Eliminación completa,glucose,0.14480279446329042,1.155811615341835,0.0001749060971618484
Imputación simple,glucose,0.14791681691752528,1.1594164485175555,7.217889871253821e-05
Imputación por regresión,glucose,0.16047494549319782,1.1740683570684767,1.896250544224649e-05
